Arsenio_Agua,Arsenio_Unhas
0.00087,0.119
0.00021,0.118
0.0,0.099
0.00115,0.118
0.0,0.277
0.0,0.358
0.00013,0.08
0.00069,0.158
0.00039,0.31
0.0,0.105
0.0,0.073
0.046,0.832
0.0194,0.517
0.137,2.252
0.0214,0.851
0.0175,0.269
0.0764,0.433
0.0,0.141
0.0165,0.275
0.00012,0.135
0.0041,0.175